Ticks,Shame,Bankrupt,Money,Sentiment
15001,0.164273585,0,907967.4889,-1838095.183
15001,0.093336175,0,4306362.594,-1639995.308
15001,0.051172275,0,3414776.735,-1701232.194
